{
  "(0, False)": {
    "1": 0.05,
    "2": 0.05,
    "3": 0.05,
    "4": 0.05,
    "5": 0.05,
    "6": 0.05,
    "7": 0.05,
    "8": 0.05,
    "9": 0.05,
    "10": 0.05,
    "11": 0.05,
    "12": 0.05,
    "13": 0.05,
    "14": 0.05,
    "15": 0.05,
    "16": 0.05,
    "17": 0.05,
    "18": 0.05,
    "19": 0.05,
    "20": 0.05
  },
  "(0, True)": {
    "1": 0.0025,
    "2": 0.0525,
    "3": 0.0525,
    "4": 0.0525,
    "5": 0.0525,
    "6": 0.0525,
    "7": 0.0525,
    "8": 0.0525,
    "9": 0.0525,
    "10": 0.0525,
    "11": 0.0525,
    "12": 0.0525,
    "13": 0.0525,
    "14": 0.0525,
    "15": 0.0525,
    "16": 0.0525,
    "17": 0.0525,
    "18": 0.0525,
    "19": 0.0525,
    "20": 0.0525
  },
  "(1, False)": {
    "1": 0.0025,
    "2": 0.0075,
    "3": 0.0125,
    "4": 0.0175,
    "5": 0.0225,
    "6": 0.0275,
    "7": 0.0325,
    "8": 0.0375,
    "9": 0.0425,
    "10": 0.0475,
    "11": 0.0525,
    "12": 0.0575,
    "13": 0.0625,
    "14": 0.0675,
    "15": 0.0725,
    "16": 0.0775,
    "17": 0.0825,
    "18": 0.0875,
    "19": 0.0925,
    "20": 0.0975
  },
  "(1, True)": {
    "1": 0.000125,
    "2": 0.003125,
    "3": 0.008625,
    "4": 0.014125,
    "5": 0.019625,
    "6": 0.025125,
    "7": 0.030625,
    "8": 0.036125,
    "9": 0.041625,
    "10": 0.047125,
    "11": 0.052625,
    "12": 0.058125,
    "13": 0.063625,
    "14": 0.069125,
    "15": 0.074625,
    "16": 0.080125,
    "17": 0.085625,
    "18": 0.091125,
    "19": 0.096625,
    "20": 0.102125
  },
  "(-1, False)": {
    "1": 0.0975,
    "2": 0.0925,
    "3": 0.0875,
    "4": 0.0825,
    "5": 0.0775,
    "6": 0.0725,
    "7": 0.0675,
    "8": 0.0625,
    "9": 0.0575,
    "10": 0.0525,
    "11": 0.0475,
    "12": 0.0425,
    "13": 0.0375,
    "14": 0.0325,
    "15": 0.0275,
    "16": 0.0225,
    "17": 0.0175,
    "18": 0.0125,
    "19": 0.0075,
    "20": 0.0025
  },
  "(-1, True)": {
    "1": 0.004875,
    "2": 0.101875,
    "3": 0.096375,
    "4": 0.090875,
    "5": 0.085375,
    "6": 0.079875,
    "7": 0.074375,
    "8": 0.068875,
    "9": 0.063375,
    "10": 0.057875,
    "11": 0.052375,
    "12": 0.046875,
    "13": 0.041375,
    "14": 0.035875,
    "15": 0.030375,
    "16": 0.024875,
    "17": 0.019375,
    "18": 0.013875,
    "19": 0.008375,
    "20": 0.002875
  },
  "(2, False)": {
    "1": 0.000125,
    "2": 0.000875,
    "3": 0.002375,
    "4": 0.004625,
    "5": 0.007625,
    "6": 0.011375,
    "7": 0.015875,
    "8": 0.021125,
    "9": 0.027125,
    "10": 0.033875,
    "11": 0.041375,
    "12": 0.049625,
    "13": 0.058625,
    "14": 0.068375,
    "15": 0.078875,
    "16": 0.090125,
    "17": 0.102125,
    "18": 0.114875,
    "19": 0.128375,
    "20": 0.142625
  },
  "(2, True)": {
    "1": 6.25e-06,
    "2": 0.00020625,
    "3": 0.00114375,
    "4": 0.00294375,
    "5": 0.00560625,
    "6": 0.00913125,
    "7": 0.01351875,
    "8": 0.01876875,
    "9": 0.02488125,
    "10": 0.03185625,
    "11": 0.03969375,
    "12": 0.04839375,
    "13": 0.05795625,
    "14": 0.06838125,
    "15": 0.07966875,
    "16": 0.09181875,
    "17": 0.10483125,
    "18": 0.11870625,
    "19": 0.13344375,
    "20": 0.14904375
  }
}